"logFC","AveExpr","t","P.Value","adj.P.Val","B","Gene","Significant"
4.56247851,9.598956575,7.16565984016278,5.84071203593735e-07,0.000865766305775207,6.24017766359594,"INHBA","Up"
4.47733182,7.18968945,4.80889397937224,0.000104637144371315,0.00644015992028294,1.39037396366555,"COL11A1","Up"
4.46264015,7.977664155,7.39308442346477,3.67299216385871e-07,0.000791385785002714,6.66626610085636,"COL10A1","Up"
4.21638099,8.114359265,5.228935903244,3.97093669665788e-05,0.00417769926258731,2.30360899249079,"FNDC1","Up"
4.01075781,5.178873465,4.59812483852856,0.000170945108400491,0.00800551219537586,0.927464808904134,"LINC01614","Up"
3.99209892,7.63110712,4.76016181971742,0.000117184999955719,0.00685676724398434,1.28356590744424,"FAP","Up"
3.93066057,6.944291975,4.05120644211618,0.00061582149727577,0.0157699037377921,-0.279930125471063,"HOXA10","Up"
3.621470603,6.5083242885,4.50291566084983,0.000213540678768151,0.0090487862628004,0.71766815173322,"CT83","Up"
3.61383150000001,10.02071516,5.50592039314633,2.11412968280482e-05,0.00334455315819723,2.89675493884512,"THBS2","Up"
3.6094348,7.93814304,4.35592298926969,0.000301272271441968,0.0107059432632048,0.39321625644411,"HOXC6","Up"
3.56132899,5.873869485,4.83653563817111,9.81333366484996e-05,0.00627495111018564,1.45088985968013,"CST1","Up"
3.52357174,6.40497933,5.5133669376407,2.07882531820299e-05,0.00333815581359859,2.91258565500857,"NOX4","Up"
3.52175173,9.761220505,5.72973594555409,1.27773650899158e-05,0.00279940319679724,3.36970717811789,"COL8A1","Up"
3.49408908,9.01429046,5.19405583131293,4.30123408759522e-05,0.00427174428369274,2.2283563617404,"SFRP4","Up"
3.43947695,5.186149255,5.66151936616697,1.48882552832506e-05,0.0029441524822628,3.22619615979821,"IL13RA2","Up"
3.42719155,10.492183075,6.13992221483631,5.15358499723196e-06,0.00211878455138428,4.21993291814378,"SULF1","Up"
3.4227639,5.92945936,5.92279036603582,8.3132223976265e-06,0.00236727320994812,3.77265057540211,"SALL4","Up"
3.38937493,10.398587485,4.84579037650384,9.60485003269195e-05,0.00619730459662242,1.47113992218176,"SPP1","Up"
3.3508089,7.83306203,3.5085402054246,0.00219070008360075,0.0303613119308639,-1.46925311390089,"CEMIP","Up"
3.28699787,7.921625405,5.02003844806607,6.41802683236819e-05,0.0052480580011058,1.85124715100206,"IGF2BP3","Up"
3.2272292,7.3613838,7.77563921050992,1.70996572351507e-07,0.000608662299285188,7.36467960661347,"CDH3","Up"
3.17784496,5.22895294,4.34157371313761,0.000311577915007052,0.0108313677419811,0.361519672210447,"CCN6","Up"
3.13543597,5.590580845,4.2143477299797,0.000419918886594219,0.0131114147090537,0.0804095816928321,"HOXC9","Up"
3.09573563,5.760691705,4.13963159015132,0.000500402492193757,0.0141418177265964,-0.0846692940118086,"COMP","Up"
2.9709372,8.16725369,5.58780243814633,1.75732067583099e-05,0.0031751125826765,3.07047628777931,"ADAMTS2","Up"
2.95334619,8.375161005,6.45758646501412,2.58752202024315e-06,0.001497975832276,4.86237575181874,"CCN4","Up"
2.928947,5.97776703,4.95084652896949,7.53025385922272e-05,0.00565523093427996,1.70058659930633,"NKX3-2","Up"
2.90453031,6.429081655,3.94617760575334,0.000787915978427212,0.0178446676047402,-0.511568653760048,"WNT2","Up"
2.8671448,11.5532596,6.03255729790329,6.52349954584243e-06,0.00225662709074252,3.99956930998315,"CTHRC1","Up"
2.66216113,9.263721435,4.59984152588858,0.000170261382724523,0.00800551219537586,0.931244255303087,"CLDN1","Up"
2.63403625,11.249518225,5.22375578074311,4.01830891209323e-05,0.0042068148742929,2.29244049008466,"ASPN","Up"
2.62273756,5.539426,5.0701095614477,5.71843203389853e-05,0.00493279199478437,1.96002874867013,"KRT80","Up"
2.62044910000001,9.3132252,4.67973232769653,0.000141315197212026,0.00743173758086062,1.10698003730311,"BGN","Up"
2.60362729,6.869283605,5.66778916886765,1.46801790876218e-05,0.00293013630630222,3.23941019566075,"FKBP10","Up"
2.60248285,5.590882995,4.03447484760505,0.000640484145018526,0.016203503111013,-0.316856076733212,"CLEC5A","Up"
2.57124711,7.940797075,4.96580551500755,7.27428462468561e-05,0.00560898062132014,1.73319086419228,"CRISPLD1","Up"
2.56303026,9.12107917,5.90486059109134,8.65021670237173e-06,0.00243082471200728,3.73543163958487,"THY1","Up"
2.56169335,11.175449525,5.95026007483577,7.82278929888403e-06,0.00235311705713051,3.82958987139481,"COL12A1","Up"
2.5600329,5.70070183,4.94552335983582,7.62352857303293e-05,0.00565523093427996,1.68898017613071,"DKK2","Up"
2.55671014000001,8.80423848,6.66277216091714,1.66955758391834e-06,0.00137141312768246,5.26948491223464,"NTM","Up"
2.55525595,7.541882855,3.53150179074211,0.00207686499664541,0.0295621224440848,-1.41945733687569,"PI15","Up"
2.54217355,7.103057155,3.74188294257961,0.00127149526247418,0.0230912621774329,-0.960569788469871,"KRT6B","Up"
2.50845735,10.625594625,5.51925254210023,2.05134748965753e-05,0.00333815581359859,2.92509344985619,"APOC1","Up"
2.47875573,5.402500625,3.4551267377197,0.00247979187659668,0.0324775191158329,-1.58482942244486,"FNDC1-AS1","Up"
2.46797575,5.578930615,3.60792142406761,0.00173840220295583,0.0269782324600821,-1.25328688230462,"EPHX4","Up"
2.45828462,6.60788217,5.18440908763037,4.39742533857416e-05,0.00428839328565882,2.20752322909717,"HOXA9","Up"
2.44710185,5.750259025,3.77248864236925,0.00118364656335189,0.0221746839065845,-0.893477884110934,"P4HA3","Up"
2.44573007,8.451090865,4.05967218261473,0.000603706510576583,0.015616439905073,-0.261243622922432,"SPOCK1","Up"
2.44214112,6.3531757,3.98085072346412,0.000726365929742989,0.0171036352387222,-0.435142377859592,"HOXC10","Up"
2.41993033,5.015703155,3.77275860067264,0.00118289910943889,0.0221746839065845,-0.892885783517304,"CPZ","Up"
2.41457444,6.59407316,4.48848538555725,0.000220871723975258,0.00923122780614399,0.685842124428239,"PDLIM7","Up"
2.40275647000001,10.880605665,3.38388266119091,0.0029243863833138,0.0357419414745429,-1.73837725288367,"CXCL8","Up"
2.35691375,7.458289095,3.32793090122981,0.0033275031525653,0.0384137755834255,-1.85843077932486,"APOC2","Up"
2.34296572,9.04450769,5.24874437800361,3.79496866005572e-05,0.00411158207118981,2.34629241366766,"SERPINH1","Up"
2.309534,5.85944694,3.207803170357,0.00438508087026917,0.0449818310020839,-2.11439524485345,"GAL","Up"
2.2924239,6.14708244,3.61862985744068,0.00169554636301329,0.0267805917067394,-1.22995104241,"CPXM1","Up"
2.27979073,5.832219325,3.23781678362121,0.00409361431506197,0.0434097919199496,-2.05068715091817,"CST6","Up"
2.27884352000001,9.32217492,5.35581842790285,2.97221779314215e-05,0.00368382261186258,2.57633104557836,"NID2","Up"
2.20606301,6.233320115,3.14979979681056,0.00500667323684711,0.04829264685915,-2.23701892954231,"NRK","Up"
2.18246765,12.926318375,5.12801917896777,5.00516304644719e-05,0.00464762031230316,2.08556924220531,"FN1","Up"
2.18110413,7.577031375,5.0094136685349,6.5773195340271e-05,0.00529076866875871,1.82813744245811,"MFAP2","Up"
2.16205689,6.012006255,4.19361819530707,0.000440851071199701,0.0133878595359022,0.0346049955022503,"LY6E","Up"
2.16044396,5.60400459,4.8397937787744,9.73941915739699e-05,0.0062463896379738,1.45801957399009,"ANXA8L1","Up"
2.15163921,9.118037145,4.56655579585903,0.000184024235550197,0.00829157299292313,0.857940367313928,"TNFRSF12A","Up"
2.14942408,6.156724,4.36147462198614,0.000297377601116474,0.0106205575703086,0.405478619298179,"CDH13","Up"
2.14922891,6.869445345,3.78288615110892,0.0011551939326822,0.0219302016180388,-0.870669140309913,"ULBP2","Up"
2.14894792,8.04077747,3.72676864485596,0.00131723224770503,0.0235218470854819,-0.993675339992107,"MMP11","Up"
2.14677072,6.49480378,4.44359536021306,0.000245338352016956,0.00981059507229609,0.58679698316157,"RUSC2","Up"
2.14371213,6.972036475,3.78140573037272,0.00115920326833582,0.0219672619359788,-0.873917179602834,"S100A2","Up"
2.12193977,8.746143685,5.09751046148369,5.36889359466207e-05,0.00477764418754991,2.01946731070869,"ANOS1","Up"
2.11263958,9.50949861,5.04398382844404,6.07322732743667e-05,0.00510653212724665,1.90329589969207,"PRRX1","Up"
2.0927926,11.822098,5.73860888328272,1.25262468646483e-05,0.00279940319679724,3.38833121549071,"TIMP1","Up"
2.0803457,8.1337685,4.0857516422079,0.000567861512098271,0.0149726152023244,-0.203666894439268,"MELTF","Up"
2.07771902,6.07374041,3.99547043144186,0.000701872927751352,0.0169262254929758,-0.402903517080667,"CST2","Up"
2.0707755,9.49334795,5.41430381308102,2.60205528473689e-05,0.00356503655619601,2.70147441552282,"RARRES1","Up"
2.06384699,3.739686465,4.62139572636819,0.00016190792783728,0.00786511413378818,0.978686705170355,"MEG8","Up"
2.06287425,12.533791875,5.86262447738388,9.50046033366167e-06,0.00254244616976684,3.64758982832622,"SPARC","Up"
2.05858325,13.062687775,6.57026589376698,2.03279445097214e-06,0.00144847289578251,5.08672150777442,"COL6A3","Up"
2.05745113,7.849956625,4.92108927635123,8.06693590405857e-05,0.00576645853135783,1.63567748841193,"KIF26B","Up"
2.04543077,9.791477755,3.16958038107247,0.00478563576332076,0.0470788776592553,-2.19527684634797,"PKDCC","Up"
2.04081886,7.12931552,3.23725854956209,0.00409885900463973,0.0434438371027745,-2.05187362265225,"TFAP2C","Up"
2.0225515,6.16168846,3.7629116607908,0.00121046833652825,0.0224409481451683,-0.914479612604691,"SHROOM4","Up"
2.01736351,6.265603275,3.56317050007244,0.00192936920222861,0.0284568632955777,-1.35067536620899,"XXYLT1","Up"
2.01368529,6.893273285,3.84141445710269,0.00100724763133093,0.0204096657137901,-0.742137951722074,"LINGO1","Up"
1.99717649,5.565984225,4.07608962007581,0.000580886551927424,0.0152220786374405,-0.225000042043759,"C1GALT1C1L","Up"
1.99395995,7.978852055,4.80470647584286,0.000105659800564436,0.00648441482946739,1.38120191715035,"HMCN1","Up"
1.99137909,7.627841555,5.84497173836531,9.88074317978405e-06,0.00254244616976684,3.61080690853254,"SRPX2","Up"
1.98008057,6.783932595,5.12598280420665,5.02864193979087e-05,0.00464920804797029,2.08115972134467,"SPHK1","Up"
1.96566489,5.218360435,3.1353419124551,0.00517447285134236,0.049138867147162,-2.26747777991516,"CFAP20DC","Up"
1.96480454,4.10759976,3.4395658135697,0.00257085020883757,0.0331956758827956,-1.61842858568748,"CFHR4","Up"
1.96125693,3.678325425,4.14752263060897,0.000491219755351665,0.0139740377543162,-0.0672373988195822,"LINC01579","Up"
1.9589241,9.31670065,4.34379328823833,0.000309960960440045,0.0108313677419811,0.366422753783548,"DPYSL3","Up"
1.9518489,12.1277594,5.84811302802362,9.8119498973084e-06,0.00254244616976684,3.61735536084484,"COL5A2","Up"
1.94195955,9.306215345,4.0563488803017,0.000608433712846227,0.0156349545214941,-0.268579404282065,"FOXC1","Up"
1.9374348,10.5457669,4.88820069402114,8.70535880256335e-05,0.00588355531475777,1.5638615100467,"PMEPA1","Up"
1.92395168,7.32987101,4.28629425621127,0.000354699683450124,0.0117812148358387,0.239388687013372,"TBRG4","Up"
1.92262522,4.22307175,3.59729852761546,0.00178197197807311,0.0273402123101346,-1.2764244488336,"LYPD1","Up"
1.91150797,6.759984225,3.78221841661472,0.00115700061220646,0.0219449929617169,-0.872134167604509,"GRB14","Up"
1.90778557,6.025961245,4.16696122824253,0.00046931220870908,0.0137491095218105,-0.0242927937613446,"NT5DC2","Up"
1.907372445,4.8421558975,3.23279130074826,0.00414106602783246,0.0436960213223408,-2.0613662389509,"KERA","Up"
1.90578895,9.813038375,4.4335489006036,0.000251177544183628,0.00982801420530348,0.564622975923188,"CCL18","Up"
1.90419539,5.860976165,3.46630280274775,0.00241635528738213,0.0320534781817517,-1.56067766109075,"TPRG1","Up"
1.89929214,4.15132604,3.84013958046144,0.00101026031743477,0.0204444489301431,-0.74494001950804,"FAM225A","Up"
1.89447058,8.57959937,5.16136836027859,4.63612368825291e-05,0.00438682237174268,2.15772888950516,"OLFML2B","Up"
1.89223398,8.24753391,4.23297561384732,0.000401959839664032,0.012832072190889,0.121571625638114,"CLEC11A","Up"
1.89021355,9.928955075,5.17103515570954,4.53441275834746e-05,0.00434641119994711,2.17862629422557,"AEBP1","Up"
1.88886396,4.82284767,4.13130615961897,0.000510276995238529,0.0141646635840913,-0.103059835316745,"LINC01503","Up"
1.88106955,7.192283985,4.2741272789538,0.000364968046355631,0.0119917270246419,0.212504404737746,"ADAM12","Up"
1.86438345,9.806783625,7.15092952040396,6.02029459934588e-07,0.000865766305775207,6.21230090543923,"MTHFD1L","Up"
1.85603334,4.79401265,3.8101348673732,0.0010838078187248,0.0211512888542216,-0.810858004697278,"PRELID3A","Up"
1.84523918,6.5623987,3.31536116186504,0.00342528416353875,0.0390393270651694,-1.88533187843161,"PADI2","Up"
1.84492685,7.453906925,3.213663156024,0.00432662957092812,0.0446735423875524,-2.10197001000068,"UCHL1","Up"
1.84107509,6.644975725,5.88390627901844,9.06184422393859e-06,0.00250291257266301,3.69188054908993,"TAFA5","Up"
1.83608639,5.143112895,3.71587070464486,0.00135121792826841,0.0238934685456199,-1.01753401126484,"FOXS1","Up"
1.8231102,9.74981775,5.33956223792414,3.08434074933205e-05,0.00372159691432116,2.54148231935223,"BCAT1","Up"
1.82247803,7.188434845,4.40864512839085,0.000266262285516561,0.010135318367901,0.509646184741843,"TNFSF11","Up"
1.81492626,4.79298817,3.93125820639312,0.000815974170834552,0.0181188393819172,-0.544438056755836,"CLDN16","Up"
1.81408075,9.053406575,4.60271948821883,0.000169121326879828,0.00800551219537586,0.937580067433875,"TNFAIP6","Up"
1.81315295,11.252214175,6.06815313658236,6.03215580525997e-06,0.00222118537125754,4.07280498048756,"CDH11","Up"
1.802967,9.9443853,4.59713737533656,0.000171339651637405,0.00800551219537586,0.925290759075368,"FAM72C","Up"
1.80249942,6.01594974,3.41655311120981,0.002711562180062,0.0342190188842423,-1.66805548247886,"ZNF883","Up"
1.79504273,4.400163135,3.42950937952471,0.00263143619472088,0.0337332429835858,-1.64012453037061,"EGOT","Up"
1.77088965000001,11.320220075,4.8108306479505,0.000104167572308753,0.00644015992028294,1.39461553989694,"FBN1","Up"
1.77079053,8.097133985,3.5022149992696,0.00222312274921093,0.0305954030713325,-1.48295884642542,"RBP4","Up"
1.76053806,7.08927958,3.83777737765723,0.00101586617035949,0.0205258787136875,-0.750131669938929,"PLPPR4","Up"
1.75026695,5.412967855,3.54448832454376,0.00201508297109998,0.0291584243132743,-1.39126580464997,"TRABD2B","Up"
1.74554207,8.971925865,3.89618626495796,0.000885912615129677,0.019001268645664,-0.621664560275443,"ZNF703","Up"
1.74393742,7.97690909,3.83223945422873,0.00102912993032132,0.020696901319391,-0.762301556874914,"PDE3A","Up"
1.74240282,9.10891944,3.46376766381062,0.00243060367523125,0.0322224721861663,-1.56615763689633,"HOXB7","Up"
1.73217582,8.15920667,5.09216472662125,5.43533957191704e-05,0.0048096225243064,2.00787640342336,"WASF1","Up"
1.73138923,7.660626635,3.5311881070534,0.00207838016296258,0.0295621224440848,-1.42013804137282,"TREM2","Up"
1.72917648,5.8119222,3.46074752914608,0.00244768571906173,0.0323285243673477,-1.57268485611192,"CORIN","Up"
1.7237577,6.7084409,3.24221490310663,0.00405252152068704,0.0432131665970657,-2.0413373650789,"MEOX2","Up"
1.72372713,6.277823215,3.4127496608943,0.00273553525536416,0.0343865959086594,-1.67625032670759,"RHEBL1","Up"
1.718141,6.4635842,3.39551019642076,0.00284682791100992,0.0352382839713232,-1.71336762649125,"KIAA1755","Up"
1.7180859,11.6749179,5.64943414910721,1.52978726956118e-05,0.002970151519638,3.20071222614647,"NNMT","Up"
1.71741461,5.443582055,3.6582616501387,0.00154582468212799,0.0256719889084039,-1.14348481358373,"FAM167B","Up"
1.69985689,8.389397055,4.74705525234139,0.000120812470344632,0.00691547244478827,1.25481504440598,"DUXAP8","Up"
1.69478902,5.43795005,3.27964217213033,0.00371872900666108,0.0408333652417793,-1.96163019101855,"PCDHA10","Up"
1.69227527,5.288599965,4.39133283428181,0.000277282547780151,0.010397525757143,0.471420041754151,"ZNF22-AS1","Up"
1.68901160000001,9.7951962,6.14407929594259,5.10690863135702e-06,0.00211878455138428,4.22843306838132,"SNX10","Up"
1.6817218,10.6007469,5.94051000643583,7.99337737881791e-06,0.00236694072074716,3.80939140724516,"MEST","Up"
1.67649784,7.77723268,5.78344060767692,1.1332476289904e-05,0.00273217577937887,3.48228012714383,"TNFSF4","Up"
1.67139405,5.655982535,3.71579140884912,0.00135146837117146,0.0238934685456199,-1.01770757586731,"VMO1","Up"
1.67038151,7.940865695,3.68039392345569,0.00146798108337203,0.0249416642781037,-1.09513227785861,"CST4","Up"
1.66942069,9.394187505,5.69916353474287,1.36827317930596e-05,0.0028371077951881,3.30546139277793,"CHN1","Up"
1.66134296,9.1840723,3.56563339699711,0.00191834101539508,0.0283647205022355,-1.34532128327596,"NEK2","Up"
1.65818620000001,10.7246404,4.03083987304744,0.000645971206631853,0.0162441529269144,-0.324877237613079,"TNC","Up"
1.64351616,8.56846692,4.49384794948339,0.00021811822262007,0.00915196636639849,0.697670057721591,"CAP2","Up"
1.63721732,5.02149384,3.15151156698873,0.00498715963092889,0.0481949177546373,-2.23340982203254,"DGKI","Up"
1.63715662,5.94939764,3.15773064723445,0.00491688404917756,0.0478404977850957,-2.22029240184977,"DIPK1B","Up"
1.62026792,7.56554073,3.81086566590339,0.00108195482879238,0.021148446742883,-0.809253195458815,"BYSL","Up"
1.6107055,10.02260185,4.93530977335832,7.80578894319557e-05,0.00572936910470481,1.66670482956698,"FAM83D","Up"
1.6076009,10.0225191,5.99396655932987,7.1027314513126e-06,0.00229669542475141,3.91997663276407,"SLC39A10","Up"
1.59217565,10.678945825,3.20890708302817,0.00437401126791176,0.044954648050429,-2.11205506422629,"TOP2A","Up"
1.5908513,10.17401615,3.3530668050778,0.00314008948576205,0.0374337356578213,-1.80455887275265,"UBE2C","Up"
1.58858385,11.335616825,4.73007347558714,0.000125681932821178,0.00702256583535105,1.21754849131292,"CTSL","Up"
1.57738087,5.618233685,3.51784560881104,0.00214384542492636,0.02998435280953,-1.44908069106671,"PLEKHA4","Up"
1.57463335,11.546970075,5.22028855023067,4.05033759721165e-05,0.00421966146651947,2.28496357542487,"ANTXR1","Up"
1.57364975,9.614178375,3.96733689969625,0.00074976344801988,0.0173355604432299,-0.464935311683234,"FBXO32","Up"
1.56535525,11.259046975,3.82117483696034,0.00105614797114262,0.0209435025252487,-0.786610825666775,"TPM2","Up"
1.56495688,5.01409494,3.69619985899545,0.00141477489801743,0.0244316784943305,-1.06057360556065,"TRPC2","Up"
1.5622452,11.7354561,5.24018562702995,3.87000536129107e-05,0.00411202509955689,2.32785470102897,"THBS1","Up"
1.55827252,8.31524497,4.28272499255212,0.000357681558738899,0.0118434186821499,0.23150208876667,"NRP2","Up"
1.55566805,6.937254555,3.17346555910198,0.00474334937029647,0.0469291003509883,-2.18706880371024,"EVC","Up"
1.55269311,9.405770145,3.32076234253355,0.00338292841027535,0.0387395185298932,-1.87377576157725,"QPCT","Up"
1.54820586,6.99358291,4.00879502066189,0.000680268011795968,0.0167256370580426,-0.373513895234908,"CHSY3","Up"
1.5477366,9.92863215,4.1389042571458,0.000501257480874349,0.0141418177265964,-0.086275983573592,"GPX8","Up"
1.53724221,6.746736325,4.76823776754232,0.000115004892882675,0.00677700410314714,1.30127638184612,"MIR4435-2HG","Up"
1.52865935,12.078788075,4.24809480943674,0.000387951074088947,0.0125537440747237,0.1549808048239,"S100A4","Up"
1.52651190000001,12.55109005,5.40343518969592,2.66710378464388e-05,0.00356503655619601,2.67824631959079,"COL4A1","Up"
1.5254708,7.12446698,3.88568593667742,0.000907989623063016,0.0192557553979936,-0.644773553781855,"ADORA2B","Up"
1.52516138,7.01342526,3.98574193383162,0.000718078045718383,0.0170286174577187,-0.424357341120956,"HOXA1","Up"
1.51555502,7.171975,5.56508029032534,1.84968477521351e-05,0.00321168436945,3.02234728804707,"ADAMTS6","Up"
1.5137357,11.23753685,7.25384210483663,4.87525714196597e-07,0.000865766305775207,6.40635163276038,"RAB31","Up"
1.5135115,12.14473355,3.49410160563594,0.00226540363803147,0.0307840538503775,-1.50053190083164,"GREM1","Up"
1.51310675,9.479021275,3.62828590687854,0.00165779784584819,0.0265210401451533,-1.20889845797192,"LOX","Up"
1.50617635,9.968448775,4.21964805092611,0.000414728540511992,0.0129878527601255,0.0921216179894619,"EPPK1","Up"
1.49712014,8.68210683,3.84467110438575,0.000999592254146616,0.020389963487879,-0.734979671566654,"MYL9","Up"
1.49127500000001,11.8116686,4.51215963816888,0.000208973744678166,0.0088905423607402,0.738052200686247,"NOP56","Up"
1.4909188,8.20385377,3.40153509630515,0.00280743728736789,0.0349306269069758,-1.7004007399544,"RGS4","Up"
1.48965042,9.22273574,3.63666091511289,0.00162573046886132,0.0262043212252613,-1.19063124522908,"BIRC5","Up"
1.4883701,8.29707369,3.54747753331207,0.00200112054656575,0.0290734227979624,-1.38477392428721,"DEPDC1B","Up"
1.48835262,8.06598747,4.1074671282427,0.000539643046033114,0.0145519653208702,-0.155713133385762,"CAD","Up"
1.4871375,10.11668975,3.93095173789524,0.000816560843234506,0.0181188393819172,-0.545113140979236,"KLHL23","Up"
1.48131178,9.15654736,3.43873078589225,0.00257582832907109,0.0332078321615696,-1.62023063058176,"NUF2","Up"
1.48048345,10.013317225,3.7946487189172,0.00112382324563272,0.0215493767713713,-0.844856548578031,"GUCY1A1","Up"
1.48024204,8.03152729,3.76635871291899,0.00120074561917712,0.022318820007629,-0.906921229228694,"SLC5A6","Up"
1.4799522,9.5359213,6.1067337611895,5.54228289344344e-06,0.00214220675394523,4.15198475469955,"HOXA3","Up"
1.47818183,7.748600725,3.14865730304109,0.00501973852594886,0.0483565880463192,-2.23942743447528,"FGFR4","Up"
1.4765649,13.7411779,5.28378891518881,3.50284821507782e-05,0.00387618286680917,2.42171112794477,"COL1A2","Up"
1.4763034,11.1138779,5.00836750249355,6.59321967465795e-05,0.00529076866875871,1.82586145126023,"ECT2","Up"
1.47619643,9.397220405,3.32156580319649,0.00337667163455476,0.0387093806222147,-1.87205630002291,"CENPA","Up"
1.4590685,9.8222748,4.13352315124023,0.000507628610780556,0.0141646635840913,-0.0981626902320025,"PLAU","Up"
1.45894047,5.536739125,3.86915622631815,0.000943857405630515,0.0196471370487825,-0.681139809030524,"ELOVL2","Up"
1.45614920000001,11.1540543,5.84686296782935,9.83926691695944e-06,0.00254244616976684,3.61474959110965,"HTRA1","Up"
1.45605174,7.96339132,4.09859696945945,0.000550996058266065,0.0147095285204854,-0.175302040251744,"DOK5","Up"
1.45604342,8.76448339,5.02046917944946,6.41165228606242e-05,0.0052480580011058,1.85218382895645,"TMEM158","Up"
1.4535559,10.12533975,3.19791248079484,0.00448548528113843,0.0456253412604719,-2.13535199046381,"ANLN","Up"
1.44653459,7.448516275,4.07717591510539,0.000579407384176909,0.0152019699064696,-0.22260167676377,"TEAD4","Up"
1.44555959,7.860428175,5.33237889837249,3.1352498452888e-05,0.00373978193589922,2.52607441320644,"ALDH1B1","Up"
1.44224089,6.654079485,3.61770438441207,0.00169920860268403,0.0267805917067394,-1.23196830337183,"MFGE8","Up"
1.44199185,9.968143425,3.78496690218784,0.00114958200722261,0.021882016870101,-0.866103711725713,"COL5A1","Up"
1.4417753,10.51762225,4.45468832884865,0.000239049459779443,0.00966663427115025,0.611277739139078,"MYH10","Up"
1.43344079,8.300575305,3.29476321945112,0.003591622203996,0.0401183448800955,-1.9293572421712,"TDO2","Up"
1.43169731,5.635855145,3.68545543659333,0.00145073092061506,0.0248064533799646,-1.08406803345339,"BMP8A","Up"
1.4292888,8.80784984,3.76783859709369,0.00119659527437309,0.0222704557286223,-0.903676000168312,"BUB1","Up"
1.428481,11.1141125,4.40910643961056,0.000265974738425231,0.010135318367901,0.510664689461558,"ATP11A","Up"
1.42840345,10.779716475,5.35201257018394,2.99808979998981e-05,0.00368382261186258,2.56817484637997,"TUBB6","Up"
1.4245339,10.70557705,4.36328497759828,0.000296118542647497,0.0106070544202832,0.409477200561589,"ITGA2","Up"
1.42212178,7.95614474,3.68982385034401,0.00143600428149048,0.024633528867303,-1.07451702327818,"LRP8","Up"
1.41938023,6.222058915,4.04651420542723,0.000622640645675127,0.0158654608213506,-0.290286503659886,"SLC27A5","Up"
1.4128064,9.0263736,4.388065077753,0.000279413558168119,0.010397525757143,0.46420404301339,"BICC1","Up"
1.4104273,10.97141615,4.63915837460031,0.000155335611800956,0.00773612648971749,1.01776766701317,"SULF2","Up"
1.40802213,8.984459435,4.20210419343159,0.000432158603996478,0.0132609357838402,0.0533556429917459,"BAG2","Up"
1.40793077,8.647597725,3.67155587952937,0.00149858994315951,0.0252807151785606,-1.11444626277004,"AJUBA","Up"
1.3989418,10.0073191,3.34417400489039,0.00320518231630989,0.0377099085320802,-1.82362978066041,"HMGB3","Up"
1.39804244,6.92634131,3.93326225363035,0.0008121481590845,0.0181188393819172,-0.540023464389339,"TACC3","Up"
1.39436425,11.302578875,4.73292636143955,0.000124850220697173,0.00702256583535105,1.22381031781624,"COL4A2","Up"
1.3937297,4.99124933,3.83021505930589,0.00103402133763123,0.020696901319391,-0.766749792838398,"CSDC2","Up"
1.3933127,12.35356815,5.01868297698893,6.43812893332266e-05,0.0052480580011058,1.84829941390974,"FSTL1","Up"
1.38383901,9.653643305,3.17224900467282,0.00475655116949318,0.0469642621694266,-2.18963929037181,"ASPM","Up"
1.3813334,10.5055236,4.30478050346697,0.000339650281006567,0.0115177330850615,0.280234256687075,"PROS1","Up"
1.3801286,9.04555,3.23995277807001,0.00407360667383554,0.0432835909119929,-2.04614677195273,"MLLT11","Up"
1.37634465,10.654074525,4.0517966147094,0.00061496910670055,0.015766981046583,-0.278627494734911,"SERPINE2","Up"
1.37606985,12.473883825,5.03324621925911,6.22545476643873e-05,0.00519363427526687,1.87996207073548,"VCAN","Up"
1.37370729,7.444761305,3.25287861110694,0.00395455028800618,0.0423982582836084,-2.01865307321003,"MFAP3L","Up"
1.37132401,5.887145805,3.33677247185271,0.00326036494486585,0.038070025216281,-1.83949294357859,"RTKN2","Up"
1.35340594,8.40991256,3.23524283702161,0.00411785149335074,0.0435155637523462,-2.05615734107536,"VGLL3","Up"
1.3373829,9.11574975,4.13229973540225,0.000509088379689737,0.0141646635840913,-0.100865120512924,"KIF2C","Up"
1.33279801,8.604468795,3.58617114118238,0.00182876674915949,0.0277064943858154,-1.30064789900045,"KIF14","Up"
1.33262869,9.118477105,5.19578475021639,4.28422186861637e-05,0.00427174428369274,2.23208920395709,"PRRG1","Up"
1.32752167,7.473836005,3.85062554215724,0.000985744411538842,0.0202233846275073,-0.721889839991355,"EMILIN1","Up"
1.3223626,10.0323134,3.30792622150541,0.00348443761444393,0.0394576533041776,-1.90123135457287,"CCNB1","Up"
1.31840709,8.789907955,5.19010681295073,4.34034981299491e-05,0.00427174428369274,2.21982912026296,"MARVELD1","Up"
1.31476765,7.251171815,4.62100364773391,0.00016205612402682,0.00786511413378818,0.97782389732716,"ISLR","Up"
1.31022305,8.341869105,3.17129259731261,0.00476695497909656,0.046981014069481,-2.19165989740699,"ADAMTS9","Up"
1.31011045,10.090107875,3.33940305308266,0.0032406467995777,0.0380068608998248,-1.83385602477517,"CDC25B","Up"
1.31005406,7.72025431,4.6191075027139,0.000162774755215357,0.00786511413378818,0.973651143093039,"VEGFC","Up"
1.30880152,7.86611875,3.36996067591874,0.00301997675316489,0.03645994545921,-1.76829500336643,"ENG","Up"
1.30339085000001,12.677380075,6.10493911391196,5.5641393622992e-06,0.00214220675394523,4.14830613071883,"ACTN1","Up"
1.30256327,9.474369415,3.53700836744941,0.00205044343806765,0.029449442170014,-1.40750595426334,"CENPF","Up"
1.30120271,5.176634985,3.17364080491119,0.00474145057647865,0.0469291003509883,-2.18669849821702,"CCDC78","Up"
1.30066625,10.618937525,4.74798697076294,0.000120550891970392,0.00691547244478827,1.25685921805281,"AMIGO2","Up"
1.30062942,8.51904554,4.13632162421621,0.000504305223739965,0.0141646635840913,-0.0919809974664405,"FCGR1A","Up"
1.2997217,10.4455913,3.23953162645662,0.00407754399835149,0.0433038822341088,-2.04704206008123,"PDLIM3","Up"
1.29918672,5.15872035,3.43464516059761,0.00260032206695519,0.0334548664963626,-1.62904627351158,"LUZP2","Up"
1.29830765,10.165144875,3.24392480964542,0.00403665421529007,0.043105412037975,-2.03770138099815,"CCNB2","Up"
1.29713297,8.751632915,4.583136069687,0.000177033802374121,0.00813099122000884,0.894460263732309,"MSR1","Up"
1.2954947,10.6528019,5.40546172539508,2.65485048932256e-05,0.00356503655619601,2.68257834572551,"DSE","Up"
1.2904337,10.20050795,4.15822075375644,0.000479039145161411,0.0138307558271706,-0.043603173212726,"GUCY1B1","Up"
1.28965925,9.961458975,3.19154888515982,0.00455126384553993,0.0459821213929725,-2.14882535109529,"GNE","Up"
1.28621785,7.018266345,3.80988073251902,0.00108445293324777,0.0211512888542216,-0.811416067993132,"ITGA5","Up"
1.28462079000001,8.734560855,5.0798954108856,5.59102075364113e-05,0.00491388601792237,1.98126392625706,"CAVIN3","Up"
1.2833652,10.327296,5.59029333906144,1.7474859938451e-05,0.0031751125826765,3.07574869013613,"CYTOR","Up"
1.27719463,8.765548105,4.69522884862135,0.00013630401285433,0.00733260655549099,1.14103095904075,"SCHIP1","Up"
1.27688112,6.82445678,3.66296953970129,0.0015289314081292,0.0255904295324571,-1.1332032791015,"LINC01094","Up"
1.27342647,7.954762585,3.92792323346055,0.000822380940936547,0.0181442042929564,-0.551784050191736,"FZD2","Up"
1.27320065,9.592252875,3.4146777821033,0.0027233564693914,0.0343142915143317,-1.67209629409722,"STIL","Up"
1.2705511,10.03704945,4.63899097635907,0.000155396275885602,0.00773612648971749,1.01739943079418,"FRMD6","Up"
1.26722042,5.94298389,3.47174618946732,0.0023860383239346,0.0317795514252757,-1.54890829391339,"IGSF9B","Up"
1.26596047,6.245720085,3.66141874627322,0.00153447584351958,0.0256229871697011,-1.13659027974083,"PGBD5","Up"
1.26586044,6.51478039,3.26314870222834,0.00386238100465407,0.0418878679981583,-1.99678658002595,"TENM4","Up"
1.26507815,11.490376475,3.93030750290647,0.000817795471808484,0.0181188393819172,-0.546532237962636,"CDCA7","Up"
1.2640006,8.14046427,3.25686634414573,0.00391851021452102,0.0422493584637396,-2.01016487929759,"MLF1","Up"
1.26319138,8.61756404,3.72702143618025,0.00131645404023488,0.0235218470854819,-0.993121791742097,"LRRC32","Up"
1.26225355,12.586130425,5.56770217844234,1.83877871779926e-05,0.00321168436945,3.02790395187384,"LGALS1","Up"
1.2587086,9.4972438,3.7753000378582,0.00117588535241944,0.0221185681425882,-0.887311376789615,"CDKN3","Up"
1.25827823000001,9.354718195,3.20949101231685,0.00436816686129987,0.0449161962719217,-2.11081709991934,"NCAPG","Up"
1.25692711,6.829910585,3.68636218019276,0.00144766189861749,0.0247936769597223,-1.08208568826399,"ANGPT2","Up"
1.2565384,9.9283857,3.42048445962207,0.00268699964083724,0.0340844000527423,-1.65958287484198,"PRC1","Up"
1.25458047,8.487524665,4.15654287899645,0.000480929348248126,0.0138612794744065,-0.0473100144225258,"FCGR1BP","Up"
1.25436189,6.642708335,3.61319949404675,0.00171714700747908,0.026868888652631,-1.24178638797666,"MDFI","Up"
1.25256867,7.640179215,4.56076102089201,0.000186532488281366,0.00829952990046902,0.845174110553634,"PALD1","Up"
1.25077575,9.674984125,4.37351637452276,0.000289102886951777,0.0105477481870315,0.432074546956848,"SPON2","Up"
1.25033748,6.42050377,3.52262273149229,0.00212017628620503,0.0298400163681832,-1.43872061037386,"ESM1","Up"
1.24712281,8.045769235,3.25375708083294,0.00394658324891744,0.0423968163064129,-2.01678343082589,"SLC16A4","Up"
1.24425105,11.707000275,4.16521721411008,0.000471237135054404,0.0137709073230513,-0.0281459191348334,"SLC38A1","Up"
1.24291543,7.534860285,3.30602309316486,0.00349973897290999,0.0395889434557409,-1.90529966190098,"NUP62CL","Up"
1.23898471,6.999362045,3.30670718642913,0.00349423124347814,0.0395475869989203,-1.90383734983691,"RCN3","Up"
1.23849258,7.48707551,3.49599962580481,0.00225544224763637,0.0307615767102357,-1.49642166968017,"SEMA3A","Up"
1.23632878,8.03698691,3.28338308357795,0.00368688007531016,0.04067077057265,-1.95364963982638,"MEGF6","Up"
1.22965285,9.263075825,3.26368723309909,0.00385760621338625,0.0418845429076208,-1.99563944717296,"TGM2","Up"
1.22948883,9.178836485,3.14305447782819,0.00508429194817283,0.0486492935202183,-2.25123490566576,"FXYD5","Up"
1.2291206,12.181452,3.98871864076374,0.000713080409007955,0.0170286174577187,-0.417793311722003,"MXRA5","Up"
1.22777813,8.700971535,3.16721066063736,0.00481160755018156,0.0471815897379374,-2.20028175646883,"LAMA5","Up"
1.22717685,8.061160025,4.56296239097614,0.000185575595576352,0.00829629086282709,0.850024025435159,"FGD6","Up"
1.22691702,8.17652653,3.32578217365959,0.00334402262518183,0.0384818046311945,-1.86303122454576,"DNM3OS","Up"
1.21827475,9.285113875,3.34928581372953,0.00316760561622259,0.0375511451256251,-1.81266887640315,"NDC80","Up"
1.21729946,8.23382861,3.70383553325009,0.00138975982592836,0.0241213759437319,-1.04387078858242,"DDIAS","Up"
1.2146758,10.229196,4.14767738296546,0.000491041367470961,0.0139740377543162,-0.0668955310511832,"PFN2","Up"
1.2078897,3.7082597,3.42163624184796,0.00267984490692196,0.0340844000527423,-1.65710020145835,"GPR42","Up"
1.2067984,10.12071855,3.94281757732112,0.000794149968173232,0.0178996604686621,-0.51897211113159,"EDNRA","Up"
1.2030017,10.6481565,3.62877369680009,0.00165591310934242,0.0265107468337527,-1.20783470405053,"MAD2L1","Up"
1.20232004,7.56100508,3.92336596851709,0.000831216912319212,0.0182636827123471,-0.561821559467945,"GPC1","Up"
1.20161902,9.60929054,3.20612746517866,0.00440193632506941,0.0450870835734089,-2.11794711852557,"PLA2G7","Up"
1.20067945000001,9.740091075,4.32115526172272,0.000326855965749382,0.0112049163090041,0.316412028043164,"E2F3","Up"
1.19818954,8.30404476,3.36864311240414,0.00302918032629355,0.036529759587042,-1.77112484685652,"UPP1","Up"
1.19741235,6.684839675,3.89044910206279,0.000897908010634351,0.0191524437272276,-0.634291563300106,"AFAP1L1","Up"
1.19667047,6.960958915,4.15265074035578,0.000485342815484734,0.0139133778661845,-0.0559085857233814,"FOXC2","Up"
1.19284537,6.407652735,3.28355219085222,0.00368544665951691,0.04067077057265,-1.95328882259164,"FHL3","Up"
1.1908233,8.88876755,4.61972417965031,0.000162540684933444,0.00786511413378818,0.975008252129055,"LEF1","Up"
1.1873157,9.21422015,5.24647609769747,3.81470985037324e-05,0.00411158207118981,2.34140666918943,"RUVBL1","Up"
1.18281095,10.581182675,4.04312670624845,0.000627610460983107,0.0159190933672402,-0.297762773590033,"CPVL","Up"
1.18273824,5.99928687,3.21114806633124,0.00435162318219182,0.0447892126756968,-2.10730369222574,"FGF1","Up"
1.18246235000001,8.855971885,3.59564201725376,0.00178886260501978,0.0274262301905294,-1.28003138742044,"TRIP13","Up"
1.17938137,8.460954865,4.46487173188441,0.000233419160512217,0.00953180308041954,0.633748248490813,"P3H4","Up"
1.17890425,9.781776175,4.38184206087913,0.00028351743576297,0.0104910623026036,0.45046154863049,"SELENOM","Up"
1.1777098,12.65302895,4.44241617628264,0.000246016578199074,0.00981059507229609,0.584194485029458,"CEBPB","Up"
1.1764889,8.98720115,3.59222099187797,0.00180317646698368,0.027476750668063,-1.2874795052113,"MTFR2","Up"
1.1750456,7.08827357,3.65279735341796,0.00156566368692368,0.0258407104803934,-1.15541562049548,"PCDHB10","Up"
1.17210315,8.914992275,3.25799534630659,0.0039083649212709,0.0421783474601226,-2.00776118974945,"FAR2","Up"
1.1708531,12.09852105,4.56271525113335,0.000185682775316353,0.00829629086282709,0.849479552614897,"ENO1","Up"
1.16807775,10.608896775,3.87387586410732,0.00093347492019007,0.0195180487358927,-0.670757899232724,"HOXB3","Up"
1.1663731,9.05575645,3.42149133116115,0.00268074404563512,0.0340844000527423,-1.65741256776513,"DSCC1","Up"
1.1653879,13.72017345,5.20571439343097,4.18783282085024e-05,0.0042590259788047,2.25352237935057,"LUM","Up"
1.16213325,10.069211475,4.00409358239042,0.000687814256814707,0.0167948282592411,-0.383884413653734,"CKAP2","Up"
1.16171875,7.511431005,5.41501707583992,2.59784339865424e-05,0.00356503655619601,2.70299832913102,"BMP1","Up"
1.15857443,6.395093695,3.14620532303048,0.00504789067690348,0.0484747307493829,-2.24459557193111,"SPATA17","Up"
1.15849133,8.823382535,4.67391105801342,0.000143245391182665,0.0074616873646053,1.09418556081082,"KLHL29","Up"
1.15334160000001,9.5464783,4.12965597281028,0.000512257252978154,0.0141713447562881,-0.106704908200665,"CD109","Up"
1.15093965,9.170810875,3.59391057353152,0.00179609304236717,0.0274272834688869,-1.28380117383313,"DTL","Up"
1.14971585,9.120489525,3.29716166759703,0.00357185482838498,0.0400441488555475,-1.92423458893539,"CCL3","Up"
1.14931177,8.496288265,3.9067888431035,0.000864162616355212,0.0186990081028351,-0.598324699681906,"NETO2","Up"
1.14834465,9.607009825,3.95060896681814,0.00077976879495713,0.0177542880105538,-0.501803874512812,"PDCD5","Up"
1.14645295,14.554035625,5.19113043283703,4.33017607221358e-05,0.00427174428369274,2.22203959785171,"COL3A1","Up"
1.14598552,7.23214644,3.56831599142389,0.00190639979628176,0.0283189571438918,-1.33948881943236,"LZTS1","Up"
1.1453071,9.23602015,3.95680567969268,0.000768516535067534,0.0175542327694517,-0.488147614187728,"UBE2T","Up"
1.14497628,6.4004564,3.29490169563198,0.00359047801859081,0.0401183448800955,-1.92906150884148,"NLE1","Up"
1.14439855,8.725088625,5.59122932597329,1.7438050345912e-05,0.0031751125826765,3.0777296706193,"TMEM237","Up"
1.1399908,9.5972937,3.66084764327236,0.00153652267045543,0.025637120838216,-1.13783753651514,"LTBP2","Up"
1.1386677,9.83455985,3.36522521895157,0.00305318359998262,0.036715564270737,-1.77846449214895,"CEP55","Up"
1.1365237,9.85276805,3.15004873081041,0.00500383087164894,0.0482904726280191,-2.23649411300879,"ATAD2","Up"
1.13402923,7.704473335,4.14027385396074,0.000499648716640724,0.0141418177265964,-0.0832505173780484,"ST6GALNAC5","Up"
1.13392619,7.757770735,3.5069571024186,0.00219877105319349,0.0304148882988225,-1.47268392144893,"BBOX1-AS1","Up"
1.133698,10.3671383,3.73218029469626,0.00130067183779881,0.0234022312046075,-0.981824072276006,"SERPINF1","Up"
1.1334593,9.32594475,3.85174637811971,0.000983159162147469,0.0201897406019072,-0.719425631586158,"NUAK1","Up"
1.12718611,8.515131645,4.52912686791516,0.000200845697926119,0.00864810800525832,0.77545930716829,"PHF19","Up"
1.12591095,9.582066175,4.18646745476039,0.000448311626952736,0.0135617442164725,0.0188050857439146,"FCGR2A","Up"
1.1252454,9.5291074,5.30626142320985,3.32767188266609e-05,0.00374047833674209,2.47000853405365,"NDE1","Up"
1.12419115,11.267278075,5.63287938675708,1.58777491127511e-05,0.0030241499147012,3.16577466160338,"GLS","Up"
1.12300175,10.203322625,3.82628430879975,0.00104358499560344,0.0208247950577764,-0.77538615076954,"TMEM45A","Up"
1.1228581,11.3186608,5.06528391151025,5.78234351722101e-05,0.00493279199478437,1.94955409633132,"SKAP2","Up"
1.1200145,13.42009655,3.98118521844052,0.000725796120629599,0.0171036352387222,-0.434404851031513,"S100A10","Up"
1.11963499,7.021759745,3.88994348499179,0.000898972883500164,0.0191524437272276,-0.635404299658392,"FMNL3","Up"
1.11755845,9.200215475,3.53174950788992,0.00207566923318576,0.0295621224440848,-1.41891977370704,"CENPL","Up"
1.11499645,10.477018125,4.36535946116621,0.0002946823747653,0.0105773638283404,0.414059103285566,"CENPW","Up"
1.11481225,9.406730275,3.14943513836794,0.00501083979209985,0.04829264685915,-2.23778769970451,"ANGPTL2","Up"
1.11360714,6.36306257,3.55162759813772,0.00198189377473026,0.0289303108292139,-1.37575919847574,"MATN3","Up"
1.11334919,9.011271155,3.28173812313404,0.00370085180181727,0.0407208098564716,-1.95715916384083,"ZNF462","Up"
1.1132059,9.10708195,3.34951032740655,0.00316596514876634,0.0375511451256251,-1.8121873712999,"HOTAIRM1","Up"
1.11116531,7.916248645,3.13001113584981,0.00523770958766919,0.0495401964853193,-2.27869724871719,"NCAPH","Up"
1.10880285000001,11.154188275,4.29244946078975,0.000349615917346342,0.0116850503079278,0.252988957102279,"MAP3K20","Up"
1.10594165,8.161692905,3.62196020527874,0.00168243204684765,0.0267150194977882,-1.22269113009074,"HEYL","Up"
1.10445395,13.577243925,4.7146707428991,0.000130270084347656,0.0071693815509337,1.1837329340514,"CALD1","Up"
1.1033816,11.36705535,3.70435357808428,0.00138807862059593,0.0241213759437319,-1.04273739718181,"CKS1B","Up"
1.1019296,11.1240298,4.14019330039365,0.000499743193810016,0.0141418177265964,-0.0834284625171575,"UBE2D1","Up"
1.10167905,10.964801425,3.35189840466892,0.00314856743120781,0.0374618131634012,-1.80706526528587,"MSRB3","Up"
1.10125444,6.91339809,3.24196576496987,0.00405483850075009,0.0432131665970657,-2.04186709317665,"FJX1","Up"
1.10022564,7.33950595,3.58742254849453,0.00182344418923434,0.0276782498574825,-1.29792435220875,"GUCY1A2","Up"
1.09814338,7.20353198,5.06623583604412,5.76967893134428e-05,0.00493279199478437,1.95162052159716,"VASH1","Up"
1.09610617,9.251431715,4.4534854794104,0.000239723468101759,0.00966663427115025,0.608623364459498,"SACS","Up"
1.09516077000001,8.152744415,3.15488909801679,0.00494887336221528,0.0479986777460635,-2.22628684428791,"HJURP","Up"
1.09295399,7.124265615,3.79307634233742,0.00112796729785111,0.0215666943421721,-0.848307645534187,"STK32C","Up"
1.09020575,9.351379025,4.50195400484848,0.000214021516884277,0.00905120304177724,0.715547425004885,"FANCD2","Up"
1.0872586,10.21540425,3.2146799221118,0.0043165652232971,0.0446435271060321,-2.09981343891703,"GJB2","Up"
1.0861147,10.08381915,4.05796033499627,0.000606136913707658,0.015616439905073,-0.265022352336235,"PLXDC2","Up"
1.08587111,8.283627525,3.45871234808658,0.00245926329189923,0.0323724752480041,-1.57708266569786,"CBR3","Up"
1.0856425,11.35333635,4.10829057008031,0.000538601052726703,0.014542228423621,-0.153894563250729,"CTSK","Up"
1.07924415,7.006931755,3.19165405003774,0.00455016919905593,0.0459821213929725,-2.14860275452647,"HOXB6","Up"
1.0774047,10.94578905,5.67807286035074,1.43453066542684e-05,0.00293013630630222,3.26107336524701,"CEP170","Up"
1.07587845,8.565159605,4.05742158167301,0.000606903831119099,0.015616439905073,-0.266211579586967,"PDGFRB","Up"
1.07562855,9.888332775,3.84910476295638,0.000989262951335981,0.0202566527820542,-0.725233221205736,"CAVIN1","Up"
1.07541671,8.757083645,6.13945889292517,5.15881428440241e-06,0.00211878455138428,4.21898539570225,"LOXL1","Up"
1.07494250000001,10.996294,6.51072819628825,2.30873258513336e-06,0.00149416975214222,4.96841626898139,"SPTSSA","Up"
1.07400894,8.59438932,4.43577273741159,0.000249873070774894,0.00981059507229609,0.569531529057935,"POGLUT2","Up"
1.0736506,8.7666979,3.68402638589764,0.00145558085045481,0.0248345489547032,-1.0871921093554,"ST3GAL2","Up"
1.07270925,10.930816225,4.27601320501318,0.000363357092933102,0.0119571917315443,0.216671617625201,"ROBO1","Up"
1.0703482,8.43973428,3.28078696745784,0.00370895416535895,0.0407679537362692,-1.95918823924142,"SYNC","Up"
1.06634925,13.864113475,5.5362356887076,1.97411865758388e-05,0.00333660377593517,2.9611628327639,"IGFBP7","Up"
1.0651271,10.75598585,4.42470035614241,0.000256436218876335,0.00994331846982761,0.54509086816705,"HIKESHI","Up"
1.06386595,10.428971475,5.37032067171202,2.87569958328065e-05,0.00363410153846893,2.60739622571836,"RUNX1","Up"
1.06350075,10.651146125,4.31810110389109,0.000329205043932877,0.0112493313972391,0.309664489281996,"OSMR","Up"
1.06307265,10.771940525,3.39189959934929,0.00287069304924989,0.0353980320166454,-1.72113582143753,"SVIL","Up"
1.06276915,12.558977775,4.63443683953127,0.000157055876004622,0.00776444986997849,1.00738090359216,"ARPC1B","Up"
1.06145807,7.988910005,4.0677418816064,0.000592379978917627,0.0154474471425443,-0.24342957018759,"PDPN","Up"
1.05999065,11.732622225,5.82746160024528,1.02733581692031e-05,0.00258127188729024,3.57428118013459,"PTPN12","Up"
1.059411,10.5739922,4.88657273329462,8.73825861843314e-05,0.00588716054617907,1.56030463579306,"STK3","Up"
1.05795249,8.176361335,4.22263899490421,0.000411828083556139,0.0129534792054616,0.0987306959990599,"ATP10A","Up"
1.0576463,11.8311398,4.64388611905801,0.000153632144814196,0.00770541344776377,1.02816702275762,"ELOVL5","Up"
1.05671624,8.52360943,4.09733279501985,0.000552633414437374,0.0147348212635942,-0.178093723367694,"HSD11B1","Up"
1.05603397,6.604893435,3.879913880782,0.000920357651373144,0.0193940265192215,-0.657474102431036,"ARHGAP11A","Up"
1.04974725,8.604125475,3.29499818995958,0.00358968092664626,0.0401183448800955,-1.92885543110113,"SLC4A11","Up"
1.0470905,11.36530975,3.23616272251599,0.00410917351260404,0.0434512712299582,-2.05420252762358,"C1R","Up"
1.0463677,9.39036695,3.70450104762366,0.00138760040757358,0.0241213759437319,-1.04241475541481,"DACT1","Up"
1.0458879,10.23020695,3.61788289064962,0.00169850161838399,0.0267805917067394,-1.23157921875071,"PABPC1L","Up"
1.0436655,9.6857567,3.27311104244126,0.00377497799413719,0.0413023591295021,-1.9755572758105,"TCFL5","Up"
1.04001279,6.615482985,3.14169880528152,0.00510003214905172,0.0487562160283338,-2.25409088898516,"DNM1","Up"
1.0309983,9.65121915,4.72898985181697,0.000125999311583322,0.00702256583535105,1.21516991348668,"UBE2E2","Up"
1.0298134,10.7655438,4.11904642804005,0.000525173812708129,0.0143680016789973,-0.130139132088397,"LAMA4","Up"
1.02936085,9.187064075,5.30959119387335,3.30248539928036e-05,0.00373978193589922,2.4771604076989,"CMTM3","Up"
1.02919757,6.216871865,3.13676524414702,0.00515771420898346,0.0490879244034134,-2.26448114074726,"VAC14","Up"
1.0285446,9.9607816,3.1431599733574,0.00508306905950611,0.0486492935202183,-2.25101264312696,"MEIS1","Up"
1.0242485,9.51977395,4.09166488366651,0.000560034479101727,0.0148510712506531,-0.190609798439589,"XPR1","Up"
1.02311952,8.08681667,3.16369604443921,0.00485037965889445,0.0474311164720736,-2.20770262470259,"C1QTNF5","Up"
1.0229307,12.08845935,4.62124882681107,0.000161963436266511,0.00786511413378818,0.978363438981362,"TGFBI","Up"
1.0227639,7.06517063,3.20544386930805,0.00440883052578488,0.0450954949900324,-2.11939593299977,"KIAA1586","Up"
1.0221045,9.01401255,6.79102525431648,1.2731580894065e-06,0.00118221031806325,5.52073333473902,"ARL13B","Up"
1.02148285,13.610904925,3.765515687328,0.00120311626950759,0.0223434384068466,-0.908769821724856,"H4C3","Up"
1.02070024,8.78201568,3.88885962609218,0.000901259818601104,0.0191524437272276,-0.637789555372198,"DUSP14","Up"
1.01476680000001,10.3816171,4.51970807361795,0.000205317560291958,0.00880552043737515,0.754695233927093,"C1orf198","Up"
1.01359854,9.35233238,3.3082441999139,0.00348188741663265,0.0394576533041776,-1.90055155418315,"SGO2","Up"
1.0127921,11.35662405,4.48447007795104,0.000222956352259941,0.009282024980927,0.676985176408005,"RCC2","Up"
1.01122455,9.352904375,5.57973398670719,1.78956669382729e-05,0.00318498132333912,3.05339303926283,"TRIO","Up"
1.01082657,8.919176315,3.92679602435508,0.000824557714498974,0.0181563517147781,-0.554266852466094,"TMEM185B","Up"
1.0065014,9.18715085,3.74217070510828,0.00127063991624504,0.0230912621774329,-0.959939311065189,"FBXO5","Up"
1.00414032,8.21932981,4.00842035464255,0.000680866344454811,0.0167256370580426,-0.374340368056727,"IGFBP4","Up"
1.00397115,9.555766475,3.71215298257904,0.00136300933198526,0.0239586751466743,-1.02567088311779,"FPR3","Up"
1.00219732,7.90703644,4.89368912338431,8.5953639391671e-05,0.0058789007475089,1.57585158699922,"PDLIM4","Up"
1.00111665,10.129888275,4.6215100702408,0.000161864734402998,0.00786511413378818,0.978938328850409,"ENTPD1","Up"
1.0010273,12.48879335,4.65636373730839,0.000149226325139852,0.00766112169714377,1.05560813200748,"KPNA2","Up"
